{"project":{"_id":"64d6093ee81fa13f94edfc51","name":"kendo-gazprom-theme","theme":{"id":"bootstrap"},"projectColor":"#1A71FF","componentsVersion":"2023R2"},"variables":[{"_id":"64d609465c859929686a6f4f","name":"$kendo-border-radius","type":"metric","description":"Border radius for all components.","index":0,"value":{"unit":"rem","numericValue":0.25},"isKendoVariable":true,"groupName":"Kendo Metrics"},{"name":"$kendo-is-dark-theme","type":"setting","index":0,"value":false,"_id":"$kendo-is-dark-theme","isKendoVariable":true},{"_id":"64d609465c859929686a6f50","name":"$kendo-default-typography","type":"typography","description":"Default typography styles.","index":0,"value":{"fontSize":{"numericValue":1,"unit":"rem"},"fontFamily":"inherit","lineHeight":{"numericValue":1.25,"unit":"unitless"},"fontWeight":400},"isCustomFont":false,"isKendoVariable":true,"groupName":"Kendo Typographies"},{"_id":"64d609465c859929686a6f51","name":"$kendo-color-primary","type":"color","description":"Color that focuses the user attention. Used for primary buttons and for elements of primary importance across the theme.","solidColorsOnly":true,"index":0,"value":{"id":"64d612175c859929686a6f91"},"colorType":"Solid","isKendoVariable":true,"groupName":"Kendo Theme Colors"},{"_id":"64d609465c859929686a6f52","name":"$kendo-color-secondary","type":"color","description":"Secondary color of the theme.","solidColorsOnly":true,"index":1,"value":{"id":"64d612255c859929686a6f92"},"colorType":"Solid","isKendoVariable":true,"groupName":"Kendo Theme Colors"},{"_id":"64d609465c859929686a6f53","name":"$kendo-color-success","type":"color","description":"Color for success messages and states.","solidColorsOnly":true,"index":2,"value":"#15a93f","colorType":"Solid","isKendoVariable":true,"groupName":"Kendo Theme Colors"},{"_id":"64d609465c859929686a6f54","name":"$kendo-color-info","type":"color","description":"Color for informational messages and states.","solidColorsOnly":true,"index":3,"value":{"id":"64d612335c859929686a6f93"},"colorType":"Solid","isKendoVariable":true,"groupName":"Kendo Theme Colors"},{"name":"$kendo-color-warning","type":"color","description":"Color for warning messages and states.","solidColorsOnly":true,"index":4,"value":"#ffc107","groupName":"Kendo Theme Colors","_id":"$kendo-color-warning","isKendoVariable":true},{"_id":"64d61c315c859929686a6f9e","name":"$kendo-color-danger","type":"color","description":"Color for warning messages and states.","solidColorsOnly":true,"index":5,"value":{"id":"64d6129a5c859929686a6f94"},"groupName":"Kendo Theme Colors","isKendoVariable":true,"colorType":"Solid"},{"_id":"64d61c5a5c859929686a6f9f","name":"$kendo-body-bg","type":"color","description":"Background color of the body if there is .k-body class added.","solidColorsOnly":true,"index":6,"value":"#ffffff","groupName":"Kendo Body","isKendoVariable":true,"colorType":"Solid"},{"name":"$kendo-body-text","type":"color","description":"Color of the body if there is .k-body class added.","solidColorsOnly":true,"index":7,"value":"#212529","groupName":"Kendo Body","_id":"$kendo-body-text","isKendoVariable":true},{"_id":"64d609465c859929686a6f55","name":"$kendo-subtle-text","type":"color","description":"Subtle text color - used in elements where the text color is lighter (or darker in dark themes).","solidColorsOnly":true,"index":9,"value":"#706f6f","colorType":"Solid","isKendoVariable":true,"groupName":"Kendo Body"},{"_id":"64d609465c859929686a6f56","name":"$kendo-disabled-text","type":"color","description":"Text color of disabled items.","solidColorsOnly":true,"index":10,"value":"#bababa","colorType":"Solid","isKendoVariable":true,"groupName":"Kendo Body"},{"name":"$kendo-component-bg","type":"color","description":"Background color of the components.","solidColorsOnly":true,"index":11,"value":{"id":"$kendo-body-bg"},"groupName":"Kendo Components","_id":"$kendo-component-bg","isKendoVariable":true},{"name":"$kendo-component-text","type":"color","description":"Text color of the components.","solidColorsOnly":true,"index":12,"value":{"id":"$kendo-body-text"},"groupName":"Kendo Components","_id":"$kendo-component-text","isKendoVariable":true},{"name":"$kendo-base-bg","type":"color","description":"Background color of the components' chrome area.","solidColorsOnly":true,"index":13,"value":"#f8f9fa","groupName":"Kendo Components","_id":"$kendo-base-bg","isKendoVariable":true},{"_id":"64d609465c859929686a6f57","name":"$kendo-base-text","type":"color","description":"Text color of the components' chrome area.","solidColorsOnly":true,"index":14,"value":{"id":"$kendo-body-text"},"colorType":"Solid","isKendoVariable":true,"groupName":"Kendo Components"},{"name":"$kendo-hover-bg","type":"color","description":"Background color of hovered items.","solidColorsOnly":true,"index":15,"value":"#e9ecef","groupName":"Kendo Components","_id":"$kendo-hover-bg","isKendoVariable":true},{"_id":"64d609465c859929686a6f58","name":"$kendo-hover-text","type":"color","description":"Text color of hovered items.","solidColorsOnly":true,"index":16,"value":"#16181b","colorType":"Solid","isKendoVariable":true,"groupName":"Kendo Components"},{"name":"$kendo-selected-bg","type":"color","description":"Background color of selected items.","solidColorsOnly":true,"index":17,"value":{"id":"$kendo-color-primary"},"groupName":"Kendo Components","_id":"$kendo-selected-bg","isKendoVariable":true},{"name":"$kendo-selected-text","type":"color","description":"Text color of selected items.","solidColorsOnly":true,"index":18,"value":"#ffffff","groupName":"Kendo Components","_id":"$kendo-selected-text","isKendoVariable":true},{"name":"$kendo-button-bg","type":"color","description":"Background color of the buttons.","solidColorsOnly":true,"index":19,"value":"#e4e7eb","groupName":"Kendo Button","_id":"$kendo-button-bg","isKendoVariable":true},{"_id":"64d609465c859929686a6f59","name":"$kendo-button-text","type":"color","description":"Text color of the buttons.","solidColorsOnly":true,"index":20,"value":{"id":"$kendo-component-text"},"colorType":"Solid","isKendoVariable":true,"groupName":"Kendo Button"},{"name":"$kendo-link-text","type":"color","description":"Text color of the links.","solidColorsOnly":true,"index":21,"value":{"id":"$kendo-color-primary"},"groupName":"Kendo Link","_id":"$kendo-link-text","isKendoVariable":true},{"_id":"64d609465c859929686a6f5a","name":"$kendo-link-hover-text","type":"color","description":"Text color of the links when hovered.","solidColorsOnly":true,"index":22,"value":{"id":"64d6106ce81fa13f94edfc6b"},"colorType":"Solid","isKendoVariable":true,"groupName":"Kendo Link"},{"_id":"64d609465c859929686a6f5b","name":"$kendo-series-a","type":"color","description":"Chart colors - colors of the first series.","solidColorsOnly":true,"index":23,"value":{"id":"64d609465c859929686a6f51"},"colorType":"Solid","isKendoVariable":true,"groupName":"Kendo DataViz"},{"_id":"64d609465c859929686a6f5c","name":"$kendo-series-b","type":"color","description":"Chart colors - colors of the second series.","solidColorsOnly":true,"index":24,"value":{"id":"64d609465c859929686a6f52"},"colorType":"Solid","isKendoVariable":true,"groupName":"Kendo DataViz"},{"_id":"64d609465c859929686a6f5d","name":"$kendo-series-c","type":"color","description":"Chart colors - colors of the third series.","solidColorsOnly":true,"index":25,"value":{"id":"64d609465c859929686a6f54"},"colorType":"Solid","isKendoVariable":true,"groupName":"Kendo DataViz"},{"_id":"64d609465c859929686a6f5e","name":"$kendo-series-d","type":"color","description":"Chart colors - colors of the fourth series.","solidColorsOnly":true,"index":26,"value":{"id":"64d609465c859929686a6f53"},"colorType":"Solid","isKendoVariable":true,"groupName":"Kendo DataViz"},{"_id":"64d609465c859929686a6f5f","name":"$kendo-series-e","type":"color","description":"Chart colors - colors of the fifth series.","solidColorsOnly":true,"index":27,"value":{"id":"$kendo-color-warning"},"colorType":"Solid","isKendoVariable":true,"groupName":"Kendo DataViz"},{"_id":"64d609465c859929686a6f60","name":"$kendo-series-f","type":"color","description":"Chart colors - colors of the sixth series.","solidColorsOnly":true,"index":28,"value":{"id":"$kendo-color-danger"},"colorType":"Solid","isKendoVariable":true,"groupName":"Kendo DataViz"},{"_id":"tb-internal-none-effects","name":"$tb-internal-none-effects","type":"effect","index":0,"internal":true,"value":[{"name":"Drop Shadow","primitive":"none"},{"name":"Layer Blur","primitive":"none"},{"name":"Background Blur","primitive":"none"}],"isKendoVariable":false},{"_id":"64d609465c859929686a6f61","type":"metric","index":1,"name":"$kendo-icon-spacing","value":{"numericValue":0.5,"unit":"rem"},"groupName":"My Metrics"},{"_id":"64d609465c859929686a6f62","type":"metric","index":2,"name":"$spacer","value":{"numericValue":0.75,"unit":"rem"},"groupName":"My Metrics"},{"_id":"64d609465c859929686a6f63","colorType":"Solid","type":"color","index":28,"name":"$headings-color","value":{"id":"64d61b975c859929686a6f9b"},"groupName":"My Colors"},{"_id":"64d609465c859929686a6f64","type":"metric","index":3,"name":"$nav-link-padding-y","value":{"numericValue":1,"unit":"rem"},"groupName":"My Metrics"},{"_id":"64d609465c859929686a6f65","type":"metric","index":4,"name":"$nav-link-padding-x","value":{"id":"64d609465c859929686a6f64"},"groupName":"My Metrics"},{"_id":"64d609465c859929686a6f66","type":"metric","index":5,"name":"$navbar-nav-link-padding-x","value":{"id":"64d609465c859929686a6f65"},"groupName":"My Metrics"},{"_id":"64d609465c859929686a6f67","type":"metric","index":6,"name":"$kendo-list-item-padding-x","value":{"id":"64d609465c859929686a6f65"},"groupName":"My Metrics"},{"_id":"64d609465c859929686a6f68","type":"metric","index":7,"name":"$kendo-list-md-item-padding-x","value":{"id":"64d609465c859929686a6f62"},"groupName":"My Metrics"},{"_id":"64d609465c859929686a6f69","type":"metric","index":8,"name":"$kendo-list-item-padding-y","value":{"id":"64d609465c859929686a6f64"},"groupName":"My Metrics"},{"_id":"64d609465c859929686a6f6a","type":"metric","index":9,"name":"$kendo-list-md-item-padding-y","value":{"id":"64d609465c859929686a6f62"},"groupName":"My Metrics"},{"_id":"64d609465c859929686a6f6b","type":"metric","index":10,"name":"$kendo-menu-popup-item-padding-y","value":{"id":"64d609465c859929686a6f64"},"groupName":"My Metrics"},{"_id":"64d609465c859929686a6f6c","type":"metric","index":11,"name":"$kendo-menu-popup-md-item-padding-y","value":{"id":"64d609465c859929686a6f64"},"groupName":"My Metrics"},{"_id":"64d609465c859929686a6f6d","type":"metric","index":12,"name":"$input-btn-padding-x","value":{"id":"64d609465c859929686a6f62"},"groupName":"My Metrics"},{"_id":"64d609465c859929686a6f6e","type":"metric","index":13,"name":"$input-btn-padding-y","value":{"numericValue":0.5,"unit":"rem"},"groupName":"My Metrics"},{"_id":"64d609465c859929686a6f6f","type":"metric","index":14,"name":"$table-cell-padding-x","value":{"numericValue":0.5,"unit":"rem"},"groupName":"My Metrics"},{"_id":"64d609465c859929686a6f70","type":"metric","index":15,"name":"$table-cell-padding-y","value":{"numericValue":0.25,"unit":"rem"},"groupName":"My Metrics"},{"_id":"64d609465c859929686a6f71","type":"metric","index":16,"name":"$modal-inner-padding","value":{"numericValue":0,"unit":"pixel"},"groupName":"My Metrics"},{"_id":"64d609465c859929686a6f72","type":"metric","index":18,"name":"$kendo-window-inner-padding-x","value":{"numericValue":0,"unit":"pixel"},"groupName":"My Metrics"},{"_id":"64d609465c859929686a6f73","type":"metric","index":19,"name":"$kendo-window-inner-padding-y","value":{"id":"64d609465c859929686a6f72"},"groupName":"My Metrics"},{"_id":"64d609465c859929686a6f74","type":"metric","index":20,"name":"$window-title-line-height","value":{"numericValue":0,"unit":"pixel"},"description":"normal","groupName":"My Metrics"},{"_id":"64d609465c859929686a6f75","type":"metric","index":22,"name":"$tooltip-padding-x","value":{"id":"64d609465c859929686a6f62"},"groupName":"My Metrics"},{"_id":"64d609465c859929686a6f76","type":"metric","index":23,"name":"$tooltip-padding-y","value":{"id":"64d609465c859929686a6f75"},"groupName":"My Metrics"},{"_id":"64d609465c859929686a6f77","type":"metric","index":24,"name":"$kendo-toolbar-input-width","description":"auto","value":{"numericValue":0,"unit":"pixel"},"groupName":"My Metrics"},{"_id":"64d609465c859929686a6f78","type":"metric","index":25,"name":"$kendo-tabstrip-content-padding-x","value":{"numericValue":1,"unit":"rem"},"groupName":"My Metrics"},{"_id":"64d609465c859929686a6f79","type":"metric","index":26,"name":"$kendo-tabstrip-content-padding-y","value":{"id":"64d609465c859929686a6f78"},"groupName":"My Metrics"},{"_id":"64d609465c859929686a6f7a","colorType":"Solid","type":"color","index":29,"name":"$kendo-switch-on-track-text","value":"#ffffffff","groupName":"My Colors"},{"_id":"64d609465c859929686a6f7b","colorType":"Solid","type":"color","index":30,"name":"$kendo-tabstrip-content-focus-border","value":"#ff000000","groupName":"My Colors"},{"_id":"64d609465c859929686a6f7c","type":"metric","index":27,"name":"$kendo-table-cell-horizontal-border-width","description":"thin","value":{"numericValue":0,"unit":"pixel"},"groupName":"My Metrics"},{"_id":"64d609465c859929686a6f7d","type":"metric","index":28,"name":"$kendo-table-cell-vertical-border-width","description":"thin","value":{"numericValue":0,"unit":"pixel"},"groupName":"My Metrics"},{"_id":"64d609465c859929686a6f7e","type":"metric","index":29,"name":"$kendo-splitter-splitbar-size","value":{"numericValue":1,"unit":"rem"},"groupName":"My Metrics"},{"_id":"64d609465c859929686a6f7f","colorType":"Solid","type":"color","index":31,"name":"$kendo-splitbar-bg","value":"#ff000000","groupName":"My Colors"},{"_id":"64d609465c859929686a6f80","colorType":"Solid","type":"color","index":32,"name":"$kendo-splitbar-hover-bg","value":{"id":"64d61b765c859929686a6f9a"},"groupName":"My Colors"},{"_id":"64d609465c859929686a6f81","colorType":"Solid","type":"color","index":33,"name":"$modal-header-border-color","value":"#ff000000","groupName":"My Colors"},{"_id":"64d609465c859929686a6f82","colorType":"Solid","type":"color","index":34,"name":"$kendo-list-item-focus-shadow","value":"#ff000000","groupName":"My Colors"},{"_id":"64d609465c859929686a6f83","colorType":"Solid","type":"color","index":35,"name":"$kendo-window-titlebar-text","value":"#ffffffff","groupName":"My Colors"},{"_id":"64d609465c859929686a6f84","colorType":"Solid","type":"color","index":36,"name":"$kendo-window-titlebar-bg","value":{"id":"64d609465c859929686a6f51"},"groupName":"My Colors"},{"_id":"64d609465c859929686a6f85","type":"metric","index":28,"name":"$line-height-base","value":{"numericValue":1.25,"unit":"pixel"},"description":"$kendo-line-height","groupName":"My Metrics"},{"_id":"64d609465c859929686a6f86","type":"metric","index":29,"name":"$kendo-floating-label-focus-offset-y","value":{"numericValue":1,"unit":"pixel"},"description":"-1px","groupName":"My Metrics"},{"_id":"64d609465c859929686a6f87","type":"metric","index":30,"name":"$kendo-checkbox-label-margin-x","value":{"numericValue":0.5,"unit":"rem"},"groupName":"My Metrics"},{"_id":"64d609465c859929686a6f88","type":"metric","index":31,"name":"$kendo-grid-sorted-icon-spacing","value":{"numericValue":0.5,"unit":"rem"},"groupName":"My Metrics"},{"_id":"64d609465c859929686a6f89","colorType":"Solid","type":"color","index":37,"name":"$kendo-selected-hover-text","value":{"id":"64d61b765c859929686a6f9a"},"groupName":"My Colors"},{"_id":"64d609465c859929686a6f8a","type":"metric","index":32,"name":"$kendo-menu-item-padding-x","value":{"id":"64d609465c859929686a6f64"},"groupName":"My Metrics"},{"_id":"64d609465c859929686a6f8b","type":"metric","index":33,"name":"$kendo-menu-item-padding-y","value":{"id":"64d609465c859929686a6f8a"},"groupName":"My Metrics"},{"_id":"64d6106ce81fa13f94edfc6b","colorType":"Solid","type":"color","index":38,"groupName":"My Colors","name":"$darkBlue","value":"#004077"},{"_id":"64d612175c859929686a6f91","colorType":"Solid","type":"color","index":39,"groupName":"My Colors","name":"$blue","value":"#0070ba"},{"_id":"64d612255c859929686a6f92","colorType":"Solid","type":"color","index":40,"groupName":"My Colors","name":"$grey","value":"#706f6f"},{"_id":"64d612335c859929686a6f93","colorType":"Solid","type":"color","index":41,"groupName":"My Colors","name":"$cyan","value":"#2fb4e9"},{"_id":"64d6129a5c859929686a6f94","colorType":"Solid","type":"color","index":42,"groupName":"My Colors","name":"$danger","value":"#dc3545"},{"_id":"64d61b765c859929686a6f9a","colorType":"Solid","type":"color","index":44,"groupName":"My Colors","name":"$yellow","value":"#e6ee0b"},{"_id":"64d61b975c859929686a6f9b","colorType":"Solid","type":"color","index":45,"groupName":"My Colors","name":"$lightBlue","value":"#0097d8"}],"themeStyleOverrides":{}}